system,oqmd_stable
"('Zr', 'H')",3
"('Zr', 'Ag')",4
"('Zr', 'Rh')",6
"('Zr', 'Mn')",3
"('Zr', 'Br')",4
"('Zr', 'Mg')",2
"('Zr', 'Ga')",8
"('Zr', 'Tc')",5
"('Zr', 'C')",3
"('Zr', 'O')",4
"('Zr', 'Ti')",3
"('Zr', 'Zn')",5
"('Zr', 'Hf')",3
"('Zr', 'Fe')",4
"('Zr', 'Os')",5
"('Zr', 'V')",2
"('Zr', 'In')",6
"('Zr', 'B')",3
"('Zr', 'Re')",4
"('Zr', 'Se')",6
"('Zr', 'K')",2
"('Zr', 'Ni')",7
"('Zr', 'Cr')",3
"('Zr', 'Sn')",4
"('Zr', 'Rb')",2
"('Zr', 'Cu')",5
"('Zr', 'Ca')",2
"('Zr', 'S')",5
"('Zr', 'Sc')",5
"('Zr', 'Bi')",5
"('Zr', 'Sb')",6
"('Zr', 'Pd')",5
"('Zr', 'F')",3
"('Zr', 'Au')",8
"('Zr', 'Ru')",3
"('Zr', 'Co')",7
"('Zr', 'Pb')",4
"('Zr', 'Si')",6
"('Zr', 'I')",5
"('Zr', 'As')",6
"('Zr', 'Be')",5
"('Zr', 'P')",6
"('Zr', 'Li')",2
"('Zr', 'Hg')",4
"('Zr', 'Cl')",6
"('Zr', 'Na')",2
"('Zr', 'Nb')",2
"('Zr', 'Sr')",2
"('Zr', 'Ge')",5
"('Zr', 'Mo')",3
"('Zr', 'Ba')",2
"('Zr', 'Ta')",2
"('Zr', 'Ir')",6
"('Zr', 'Al')",7
"('Zr', 'N')",5
"('Zr', 'W')",3
"('Zr', 'Te')",8
"('Zr', 'Cd')",5
"('Zr', 'Pt')",5
"('Zr', 'Tl')",3
"('Zr', 'Y')",2
"('Zr', 'Cs')",2
"('H', 'Ag')",2
"('H', 'Rh')",2
"('H', 'Mn')",3
"('H', 'Br')",3
"('H', 'Mg')",3
"('H', 'Ga')",2
"('H', 'Tc')",2
"('H', 'C')",3
"('H', 'O')",3
"('H', 'Ti')",3
"('H', 'Zn')",2
"('H', 'Hf')",3
"('H', 'Fe')",2
"('H', 'Os')",2
"('H', 'V')",4
"('H', 'In')",2
"('H', 'B')",4
"('H', 'Re')",2
"('H', 'Se')",2
"('H', 'K')",3
"('H', 'Ni')",3
"('H', 'Cr')",2
"('H', 'Sn')",2
"('H', 'Rb')",3
"('H', 'Cu')",2
"('H', 'Ca')",3
"('H', 'S')",3
"('H', 'Sc')",3
"('H', 'Bi')",2
"('H', 'Sb')",2
"('H', 'Pd')",3
"('H', 'F')",3
"('H', 'Au')",2
"('H', 'Ru')",2
"('H', 'Co')",2
"('H', 'Pb')",2
"('H', 'Si')",2
"('H', 'I')",3
"('H', 'As')",2
"('H', 'Be')",3
"('H', 'P')",2
"('H', 'Li')",3
"('H', 'Hg')",2
"('H', 'Cl')",3
"('H', 'Na')",3
"('H', 'Nb')",3
"('H', 'Sr')",3
"('H', 'Ge')",2
"('H', 'Mo')",2
"('H', 'Ba')",3
"('H', 'Ta')",4
"('H', 'Ir')",2
"('H', 'Al')",3
"('H', 'N')",3
"('H', 'W')",2
"('H', 'Te')",2
"('H', 'Cd')",2
"('H', 'Pt')",2
"('H', 'Tl')",2
"('H', 'Y')",4
"('H', 'Cs')",3
"('Ag', 'Rh')",2
"('Ag', 'Mn')",2
"('Ag', 'Br')",4
"('Ag', 'Mg')",5
"('Ag', 'Ga')",3
"('Ag', 'Tc')",2
"('Ag', 'C')",2
"('Ag', 'O')",5
"('Ag', 'Ti')",4
"('Ag', 'Zn')",7
"('Ag', 'Hf')",4
"('Ag', 'Fe')",2
"('Ag', 'Os')",2
"('Ag', 'V')",2
"('Ag', 'In')",4
"('Ag', 'B')",2
"('Ag', 'Re')",2
"('Ag', 'Se')",3
"('Ag', 'K')",3
"('Ag', 'Ni')",2
"('Ag', 'Cr')",2
"('Ag', 'Sn')",3
"('Ag', 'Rb')",2
"('Ag', 'Cu')",2
"('Ag', 'Ca')",6
"('Ag', 'S')",3
"('Ag', 'Sc')",5
"('Ag', 'Bi')",2
"('Ag', 'Sb')",2
"('Ag', 'Pd')",3
"('Ag', 'F')",8
"('Ag', 'Au')",4
"('Ag', 'Ru')",2
"('Ag', 'Co')",2
"('Ag', 'Pb')",2
"('Ag', 'Si')",2
"('Ag', 'I')",3
"('Ag', 'As')",2
"('Ag', 'Be')",2
"('Ag', 'P')",3
"('Ag', 'Li')",5
"('Ag', 'Hg')",2
"('Ag', 'Cl')",4
"('Ag', 'Na')",4
"('Ag', 'Nb')",2
"('Ag', 'Sr')",7
"('Ag', 'Ge')",2
"('Ag', 'Mo')",2
"('Ag', 'Ba')",6
"('Ag', 'Ta')",2
"('Ag', 'Ir')",2
"('Ag', 'Al')",4
"('Ag', 'N')",2
"('Ag', 'W')",2
"('Ag', 'Te')",3
"('Ag', 'Cd')",5
"('Ag', 'Pt')",3
"('Ag', 'Tl')",2
"('Ag', 'Y')",4
"('Ag', 'Cs')",2
"('Rh', 'Mn')",4
"('Rh', 'Br')",3
"('Rh', 'Mg')",7
"('Rh', 'Ga')",6
"('Rh', 'Tc')",5
"('Rh', 'C')",2
"('Rh', 'O')",3
"('Rh', 'Ti')",6
"('Rh', 'Zn')",7
"('Rh', 'Hf')",5
"('Rh', 'Fe')",5
"('Rh', 'Os')",2
"('Rh', 'V')",5
"('Rh', 'In')",4
"('Rh', 'B')",5
"('Rh', 'Re')",4
"('Rh', 'Se')",4
"('Rh', 'K')",2
"('Rh', 'Ni')",2
"('Rh', 'Cr')",3
"('Rh', 'Sn')",6
"('Rh', 'Rb')",2
"('Rh', 'Cu')",2
"('Rh', 'Ca')",3
"('Rh', 'S')",5
"('Rh', 'Sc')",4
"('Rh', 'Bi')",4
"('Rh', 'Sb')",6
"('Rh', 'Pd')",2
"('Rh', 'F')",3
"('Rh', 'Au')",2
"('Rh', 'Ru')",2
"('Rh', 'Co')",2
"('Rh', 'Pb')",4
"('Rh', 'Si')",6
"('Rh', 'I')",3
"('Rh', 'As')",5
"('Rh', 'Be')",4
"('Rh', 'P')",5
"('Rh', 'Li')",3
"('Rh', 'Hg')",2
"('Rh', 'Cl')",3
"('Rh', 'Na')",2
"('Rh', 'Nb')",5
"('Rh', 'Sr')",3
"('Rh', 'Ge')",4
"('Rh', 'Mo')",4
"('Rh', 'Ba')",3
"('Rh', 'Ta')",4
"('Rh', 'Ir')",4
"('Rh', 'Al')",5
"('Rh', 'N')",2
"('Rh', 'W')",3
"('Rh', 'Te')",5
"('Rh', 'Cd')",3
"('Rh', 'Pt')",2
"('Rh', 'Tl')",2
"('Rh', 'Y')",5
"('Rh', 'Cs')",2
"('Mn', 'Br')",3
"('Mn', 'Mg')",2
"('Mn', 'Ga')",4
"('Mn', 'Tc')",2
"('Mn', 'C')",3
"('Mn', 'O')",6
"('Mn', 'Ti')",5
"('Mn', 'Zn')",3
"('Mn', 'Hf')",3
"('Mn', 'Fe')",2
"('Mn', 'Os')",3
"('Mn', 'V')",4
"('Mn', 'In')",2
"('Mn', 'B')",5
"('Mn', 'Re')",2
"('Mn', 'Se')",4
"('Mn', 'K')",2
"('Mn', 'Ni')",3
"('Mn', 'Cr')",2
"('Mn', 'Sn')",3
"('Mn', 'Rb')",2
"('Mn', 'Cu')",2
"('Mn', 'Ca')",2
"('Mn', 'S')",5
"('Mn', 'Sc')",3
"('Mn', 'Bi')",2
"('Mn', 'Sb')",3
"('Mn', 'Pd')",4
"('Mn', 'F')",5
"('Mn', 'Au')",4
"('Mn', 'Ru')",3
"('Mn', 'Co')",3
"('Mn', 'Pb')",2
"('Mn', 'Si')",5
"('Mn', 'I')",3
"('Mn', 'As')",4
"('Mn', 'Be')",4
"('Mn', 'P')",5
"('Mn', 'Li')",2
"('Mn', 'Hg')",2
"('Mn', 'Cl')",3
"('Mn', 'Na')",2
"('Mn', 'Nb')",4
"('Mn', 'Sr')",2
"('Mn', 'Ge')",3
"('Mn', 'Mo')",2
"('Mn', 'Ba')",2
"('Mn', 'Ta')",4
"('Mn', 'Ir')",4
"('Mn', 'Al')",6
"('Mn', 'N')",4
"('Mn', 'W')",2
"('Mn', 'Te')",3
"('Mn', 'Cd')",2
"('Mn', 'Pt')",4
"('Mn', 'Tl')",2
"('Mn', 'Y')",2
"('Mn', 'Cs')",2
"('Br', 'Mg')",3
"('Br', 'Ga')",4
"('Br', 'Tc')",3
"('Br', 'C')",2
"('Br', 'O')",4
"('Br', 'Ti')",4
"('Br', 'Zn')",3
"('Br', 'Hf')",3
"('Br', 'Fe')",4
"('Br', 'Os')",2
"('Br', 'V')",4
"('Br', 'In')",5
"('Br', 'B')",3
"('Br', 'Re')",2
"('Br', 'Se')",4
"('Br', 'K')",3
"('Br', 'Ni')",3
"('Br', 'Cr')",3
"('Br', 'Sn')",4
"('Br', 'Rb')",3
"('Br', 'Cu')",4
"('Br', 'Ca')",3
"('Br', 'S')",3
"('Br', 'Sc')",4
"('Br', 'Bi')",3
"('Br', 'Sb')",3
"('Br', 'Pd')",3
"('Br', 'F')",4
"('Br', 'Au')",3
"('Br', 'Ru')",3
"('Br', 'Co')",3
"('Br', 'Pb')",3
"('Br', 'Si')",3
"('Br', 'I')",3
"('Br', 'As')",3
"('Br', 'Be')",3
"('Br', 'P')",4
"('Br', 'Li')",3
"('Br', 'Hg')",4
"('Br', 'Cl')",4
"('Br', 'Na')",3
"('Br', 'Nb')",4
"('Br', 'Sr')",3
"('Br', 'Ge')",4
"('Br', 'Mo')",4
"('Br', 'Ba')",3
"('Br', 'Ta')",4
"('Br', 'Ir')",3
"('Br', 'Al')",3
"('Br', 'N')",2
"('Br', 'W')",4
"('Br', 'Te')",4
"('Br', 'Cd')",3
"('Br', 'Pt')",3
"('Br', 'Tl')",4
"('Br', 'Y')",4
"('Br', 'Cs')",4
"('Mg', 'Ga')",7
"('Mg', 'Tc')",3
"('Mg', 'C')",2
"('Mg', 'O')",4
"('Mg', 'Ti')",2
"('Mg', 'Zn')",6
"('Mg', 'Hf')",2
"('Mg', 'Fe')",2
"('Mg', 'Os')",2
"('Mg', 'V')",2
"('Mg', 'In')",5
"('Mg', 'B')",5
"('Mg', 'Re')",2
"('Mg', 'Se')",3
"('Mg', 'K')",2
"('Mg', 'Ni')",4
"('Mg', 'Cr')",2
"('Mg', 'Sn')",5
"('Mg', 'Rb')",2
"('Mg', 'Cu')",4
"('Mg', 'Ca')",3
"('Mg', 'S')",3
"('Mg', 'Sc')",5
"('Mg', 'Bi')",3
"('Mg', 'Sb')",3
"('Mg', 'Pd')",9
"('Mg', 'F')",3
"('Mg', 'Au')",6
"('Mg', 'Ru')",3
"('Mg', 'Co')",3
"('Mg', 'Pb')",5
"('Mg', 'Si')",3
"('Mg', 'I')",3
"('Mg', 'As')",4
"('Mg', 'Be')",2
"('Mg', 'P')",4
"('Mg', 'Li')",6
"('Mg', 'Hg')",5
"('Mg', 'Cl')",3
"('Mg', 'Na')",2
"('Mg', 'Nb')",2
"('Mg', 'Sr')",5
"('Mg', 'Ge')",3
"('Mg', 'Mo')",2
"('Mg', 'Ba')",5
"('Mg', 'Ta')",2
"('Mg', 'Ir')",6
"('Mg', 'Al')",4
"('Mg', 'N')",3
"('Mg', 'W')",2
"('Mg', 'Te')",3
"('Mg', 'Cd')",5
"('Mg', 'Pt')",6
"('Mg', 'Tl')",4
"('Mg', 'Y')",5
"('Mg', 'Cs')",2
"('Ga', 'Tc')",4
"('Ga', 'C')",2
"('Ga', 'O')",3
"('Ga', 'Ti')",8
"('Ga', 'Zn')",2
"('Ga', 'Hf')",8
"('Ga', 'Fe')",4
"('Ga', 'Os')",3
"('Ga', 'V')",5
"('Ga', 'In')",2
"('Ga', 'B')",2
"('Ga', 'Re')",2
"('Ga', 'Se')",4
"('Ga', 'K')",4
"('Ga', 'Ni')",7
"('Ga', 'Cr')",4
"('Ga', 'Sn')",3
"('Ga', 'Rb')",4
"('Ga', 'Cu')",4
"('Ga', 'Ca')",8
"('Ga', 'S')",4
"('Ga', 'Sc')",6
"('Ga', 'Bi')",2
"('Ga', 'Sb')",3
"('Ga', 'Pd')",8
"('Ga', 'F')",3
"('Ga', 'Au')",5
"('Ga', 'Ru')",4
"('Ga', 'Co')",4
"('Ga', 'Pb')",2
"('Ga', 'Si')",2
"('Ga', 'I')",5
"('Ga', 'As')",3
"('Ga', 'Be')",2
"('Ga', 'P')",3
"('Ga', 'Li')",6
"('Ga', 'Hg')",2
"('Ga', 'Cl')",4
"('Ga', 'Na')",3
"('Ga', 'Nb')",5
"('Ga', 'Sr')",4
"('Ga', 'Ge')",2
"('Ga', 'Mo')",4
"('Ga', 'Ba')",4
"('Ga', 'Ta')",4
"('Ga', 'Ir')",5
"('Ga', 'Al')",2
"('Ga', 'N')",3
"('Ga', 'W')",2
"('Ga', 'Te')",5
"('Ga', 'Cd')",2
"('Ga', 'Pt')",8
"('Ga', 'Tl')",2
"('Ga', 'Y')",7
"('Ga', 'Cs')",5
"('Tc', 'C')",2
"('Tc', 'O')",4
"('Tc', 'Ti')",4
"('Tc', 'Zn')",3
"('Tc', 'Hf')",3
"('Tc', 'Fe')",2
"('Tc', 'Os')",5
"('Tc', 'V')",4
"('Tc', 'In')",2
"('Tc', 'B')",5
"('Tc', 'Re')",2
"('Tc', 'Se')",2
"('Tc', 'K')",2
"('Tc', 'Ni')",3
"('Tc', 'Cr')",2
"('Tc', 'Sn')",2
"('Tc', 'Rb')",2
"('Tc', 'Cu')",2
"('Tc', 'Ca')",2
"('Tc', 'S')",3
"('Tc', 'Sc')",4
"('Tc', 'Bi')",2
"('Tc', 'Sb')",2
"('Tc', 'Pd')",3
"('Tc', 'F')",3
"('Tc', 'Au')",2
"('Tc', 'Ru')",5
"('Tc', 'Co')",4
"('Tc', 'Pb')",2
"('Tc', 'Si')",3
"('Tc', 'I')",2
"('Tc', 'As')",3
"('Tc', 'Be')",3
"('Tc', 'P')",7
"('Tc', 'Li')",2
"('Tc', 'Hg')",2
"('Tc', 'Cl')",4
"('Tc', 'Na')",2
"('Tc', 'Nb')",4
"('Tc', 'Sr')",2
"('Tc', 'Ge')",3
"('Tc', 'Mo')",2
"('Tc', 'Ba')",2
"('Tc', 'Ta')",3
"('Tc', 'Ir')",5
"('Tc', 'Al')",6
"('Tc', 'N')",4
"('Tc', 'W')",2
"('Tc', 'Te')",2
"('Tc', 'Cd')",2
"('Tc', 'Pt')",3
"('Tc', 'Tl')",2
"('Tc', 'Y')",3
"('Tc', 'Cs')",2
"('C', 'O')",3
"('C', 'Ti')",5
"('C', 'Zn')",2
"('C', 'Hf')",3
"('C', 'Fe')",2
"('C', 'Os')",2
"('C', 'V')",4
"('C', 'In')",2
"('C', 'B')",3
"('C', 'Re')",3
"('C', 'Se')",2
"('C', 'K')",3
"('C', 'Ni')",2
"('C', 'Cr')",5
"('C', 'Sn')",2
"('C', 'Rb')",3
"('C', 'Cu')",2
"('C', 'Ca')",2
"('C', 'S')",3
"('C', 'Sc')",6
"('C', 'Bi')",2
"('C', 'Sb')",2
"('C', 'Pd')",2
"('C', 'F')",3
"('C', 'Au')",2
"('C', 'Ru')",2
"('C', 'Co')",2
"('C', 'Pb')",2
"('C', 'Si')",3
"('C', 'I')",2
"('C', 'As')",2
"('C', 'Be')",3
"('C', 'P')",2
"('C', 'Li')",2
"('C', 'Hg')",2
"('C', 'Cl')",2
"('C', 'Na')",2
"('C', 'Nb')",4
"('C', 'Sr')",2
"('C', 'Ge')",2
"('C', 'Mo')",4
"('C', 'Ba')",2
"('C', 'Ta')",4
"('C', 'Ir')",2
"('C', 'Al')",3
"('C', 'N')",2
"('C', 'W')",3
"('C', 'Te')",2
"('C', 'Cd')",2
"('C', 'Pt')",2
"('C', 'Tl')",2
"('C', 'Y')",5
"('C', 'Cs')",3
"('O', 'Ti')",10
"('O', 'Zn')",3
"('O', 'Hf')",3
"('O', 'Fe')",5
"('O', 'Os')",4
"('O', 'V')",6
"('O', 'In')",3
"('O', 'B')",4
"('O', 'Re')",4
"('O', 'Se')",4
"('O', 'K')",6
"('O', 'Ni')",3
"('O', 'Cr')",4
"('O', 'Sn')",4
"('O', 'Rb')",8
"('O', 'Cu')",4
"('O', 'Ca')",4
"('O', 'S')",4
"('O', 'Sc')",3
"('O', 'Bi')",5
"('O', 'Sb')",5
"('O', 'Pd')",4
"('O', 'F')",2
"('O', 'Au')",3
"('O', 'Ru')",4
"('O', 'Co')",4
"('O', 'Pb')",5
"('O', 'Si')",3
"('O', 'I')",3
"('O', 'As')",5
"('O', 'Be')",3
"('O', 'P')",4
"('O', 'Li')",6
"('O', 'Hg')",3
"('O', 'Cl')",4
"('O', 'Na')",5
"('O', 'Nb')",5
"('O', 'Sr')",4
"('O', 'Ge')",3
"('O', 'Mo')",4
"('O', 'Ba')",4
"('O', 'Ta')",3
"('O', 'Ir')",4
"('O', 'Al')",3
"('O', 'N')",4
"('O', 'W')",4
"('O', 'Te')",6
"('O', 'Cd')",4
"('O', 'Pt')",4
"('O', 'Tl')",5
"('O', 'Y')",3
"('O', 'Cs')",7
"('Ti', 'Zn')",7
"('Ti', 'Hf')",3
"('Ti', 'Fe')",4
"('Ti', 'Os')",5
"('Ti', 'V')",2
"('Ti', 'In')",6
"('Ti', 'B')",5
"('Ti', 'Re')",5
"('Ti', 'Se')",7
"('Ti', 'K')",2
"('Ti', 'Ni')",5
"('Ti', 'Cr')",3
"('Ti', 'Sn')",6
"('Ti', 'Rb')",2
"('Ti', 'Cu')",5
"('Ti', 'Ca')",2
"('Ti', 'S')",6
"('Ti', 'Sc')",3
"('Ti', 'Bi')",5
"('Ti', 'Sb')",6
"('Ti', 'Pd')",8
"('Ti', 'F')",3
"('Ti', 'Au')",6
"('Ti', 'Ru')",4
"('Ti', 'Co')",6
"('Ti', 'Pb')",3
"('Ti', 'Si')",7
"('Ti', 'I')",4
"('Ti', 'As')",5
"('Ti', 'Be')",7
"('Ti', 'P')",7
"('Ti', 'Li')",2
"('Ti', 'Hg')",3
"('Ti', 'Cl')",4
"('Ti', 'Na')",2
"('Ti', 'Nb')",3
"('Ti', 'Sr')",2
"('Ti', 'Ge')",5
"('Ti', 'Mo')",6
"('Ti', 'Ba')",2
"('Ti', 'Ta')",2
"('Ti', 'Ir')",6
"('Ti', 'Al')",6
"('Ti', 'N')",4
"('Ti', 'W')",4
"('Ti', 'Te')",5
"('Ti', 'Cd')",4
"('Ti', 'Pt')",7
"('Ti', 'Tl')",3
"('Ti', 'Y')",2
"('Ti', 'Cs')",2
"('Zn', 'Hf')",6
"('Zn', 'Fe')",4
"('Zn', 'Os')",2
"('Zn', 'V')",4
"('Zn', 'In')",2
"('Zn', 'B')",2
"('Zn', 'Re')",2
"('Zn', 'Se')",3
"('Zn', 'K')",3
"('Zn', 'Ni')",4
"('Zn', 'Cr')",2
"('Zn', 'Sn')",2
"('Zn', 'Rb')",3
"('Zn', 'Cu')",5
"('Zn', 'Ca')",8
"('Zn', 'S')",3
"('Zn', 'Sc')",6
"('Zn', 'Bi')",2
"('Zn', 'Sb')",3
"('Zn', 'Pd')",5
"('Zn', 'F')",3
"('Zn', 'Au')",6
"('Zn', 'Ru')",3
"('Zn', 'Co')",4
"('Zn', 'Pb')",2
"('Zn', 'Si')",2
"('Zn', 'I')",3
"('Zn', 'As')",4
"('Zn', 'Be')",2
"('Zn', 'P')",5
"('Zn', 'Li')",5
"('Zn', 'Hg')",2
"('Zn', 'Cl')",3
"('Zn', 'Na')",4
"('Zn', 'Nb')",5
"('Zn', 'Sr')",6
"('Zn', 'Ge')",2
"('Zn', 'Mo')",4
"('Zn', 'Ba')",6
"('Zn', 'Ta')",4
"('Zn', 'Ir')",6
"('Zn', 'Al')",2
"('Zn', 'N')",2
"('Zn', 'W')",2
"('Zn', 'Te')",3
"('Zn', 'Cd')",2
"('Zn', 'Pt')",6
"('Zn', 'Tl')",2
"('Zn', 'Y')",6
"('Zn', 'Cs')",2
"('Hf', 'Fe')",4
"('Hf', 'Os')",3
"('Hf', 'V')",2
"('Hf', 'In')",5
"('Hf', 'B')",3
"('Hf', 'Re')",5
"('Hf', 'Se')",5
"('Hf', 'K')",2
"('Hf', 'Ni')",4
"('Hf', 'Cr')",3
"('Hf', 'Sn')",5
"('Hf', 'Rb')",2
"('Hf', 'Cu')",4
"('Hf', 'Ca')",2
"('Hf', 'S')",6
"('Hf', 'Sc')",3
"('Hf', 'Bi')",4
"('Hf', 'Sb')",7
"('Hf', 'Pd')",5
"('Hf', 'F')",3
"('Hf', 'Au')",7
"('Hf', 'Ru')",3
"('Hf', 'Co')",6
"('Hf', 'Pb')",3
"('Hf', 'Si')",6
"('Hf', 'I')",4
"('Hf', 'As')",8
"('Hf', 'Be')",5
"('Hf', 'P')",6
"('Hf', 'Li')",2
"('Hf', 'Hg')",3
"('Hf', 'Cl')",3
"('Hf', 'Na')",2
"('Hf', 'Nb')",2
"('Hf', 'Sr')",2
"('Hf', 'Ge')",6
"('Hf', 'Mo')",3
"('Hf', 'Ba')",2
"('Hf', 'Ta')",2
"('Hf', 'Ir')",5
"('Hf', 'Al')",6
"('Hf', 'N')",5
"('Hf', 'W')",3
"('Hf', 'Te')",6
"('Hf', 'Cd')",4
"('Hf', 'Pt')",4
"('Hf', 'Tl')",2
"('Hf', 'Y')",2
"('Hf', 'Cs')",2
"('Fe', 'Os')",2
"('Fe', 'V')",4
"('Fe', 'In')",2
"('Fe', 'B')",4
"('Fe', 'Re')",5
"('Fe', 'Se')",4
"('Fe', 'K')",2
"('Fe', 'Ni')",4
"('Fe', 'Cr')",2
"('Fe', 'Sn')",4
"('Fe', 'Rb')",2
"('Fe', 'Cu')",2
"('Fe', 'Ca')",2
"('Fe', 'S')",4
"('Fe', 'Sc')",3
"('Fe', 'Bi')",2
"('Fe', 'Sb')",3
"('Fe', 'Pd')",3
"('Fe', 'F')",4
"('Fe', 'Au')",2
"('Fe', 'Ru')",2
"('Fe', 'Co')",7
"('Fe', 'Pb')",2
"('Fe', 'Si')",5
"('Fe', 'I')",3
"('Fe', 'As')",4
"('Fe', 'Be')",3
"('Fe', 'P')",7
"('Fe', 'Li')",2
"('Fe', 'Hg')",2
"('Fe', 'Cl')",4
"('Fe', 'Na')",2
"('Fe', 'Nb')",3
"('Fe', 'Sr')",2
"('Fe', 'Ge')",4
"('Fe', 'Mo')",3
"('Fe', 'Ba')",2
"('Fe', 'Ta')",4
"('Fe', 'Ir')",4
"('Fe', 'Al')",6
"('Fe', 'N')",4
"('Fe', 'W')",4
"('Fe', 'Te')",3
"('Fe', 'Cd')",2
"('Fe', 'Pt')",4
"('Fe', 'Tl')",2
"('Fe', 'Y')",5
"('Fe', 'Cs')",2
"('Os', 'V')",3
"('Os', 'In')",2
"('Os', 'B')",4
"('Os', 'Re')",5
"('Os', 'Se')",3
"('Os', 'K')",2
"('Os', 'Ni')",2
"('Os', 'Cr')",3
"('Os', 'Sn')",3
"('Os', 'Rb')",2
"('Os', 'Cu')",2
"('Os', 'Ca')",2
"('Os', 'S')",3
"('Os', 'Sc')",4
"('Os', 'Bi')",2
"('Os', 'Sb')",3
"('Os', 'Pd')",2
"('Os', 'F')",3
"('Os', 'Au')",2
"('Os', 'Ru')",5
"('Os', 'Co')",2
"('Os', 'Pb')",2
"('Os', 'Si')",4
"('Os', 'I')",2
"('Os', 'As')",3
"('Os', 'Be')",3
"('Os', 'P')",3
"('Os', 'Li')",2
"('Os', 'Hg')",2
"('Os', 'Cl')",3
"('Os', 'Na')",2
"('Os', 'Nb')",3
"('Os', 'Sr')",2
"('Os', 'Ge')",3
"('Os', 'Mo')",3
"('Os', 'Ba')",2
"('Os', 'Ta')",5
"('Os', 'Ir')",3
"('Os', 'Al')",4
"('Os', 'N')",2
"('Os', 'W')",3
"('Os', 'Te')",3
"('Os', 'Cd')",2
"('Os', 'Pt')",2
"('Os', 'Tl')",2
"('Os', 'Y')",3
"('Os', 'Cs')",2
"('V', 'In')",2
"('V', 'B')",7
"('V', 'Re')",4
"('V', 'Se')",5
"('V', 'K')",2
"('V', 'Ni')",5
"('V', 'Cr')",4
"('V', 'Sn')",4
"('V', 'Rb')",2
"('V', 'Cu')",2
"('V', 'Ca')",2
"('V', 'S')",7
"('V', 'Sc')",2
"('V', 'Bi')",2
"('V', 'Sb')",3
"('V', 'Pd')",5
"('V', 'F')",4
"('V', 'Au')",3
"('V', 'Ru')",4
"('V', 'Co')",4
"('V', 'Pb')",2
"('V', 'Si')",5
"('V', 'I')",4
"('V', 'As')",5
"('V', 'Be')",4
"('V', 'P')",7
"('V', 'Li')",2
"('V', 'Hg')",2
"('V', 'Cl')",5
"('V', 'Na')",2
"('V', 'Nb')",2
"('V', 'Sr')",2
"('V', 'Ge')",5
"('V', 'Mo')",4
"('V', 'Ba')",2
"('V', 'Ta')",3
"('V', 'Ir')",5
"('V', 'Al')",4
"('V', 'N')",4
"('V', 'W')",4
"('V', 'Te')",4
"('V', 'Cd')",2
"('V', 'Pt')",7
"('V', 'Tl')",2
"('V', 'Y')",2
"('V', 'Cs')",2
"('In', 'B')",2
"('In', 'Re')",2
"('In', 'Se')",4
"('In', 'K')",4
"('In', 'Ni')",4
"('In', 'Cr')",2
"('In', 'Sn')",3
"('In', 'Rb')",4
"('In', 'Cu')",3
"('In', 'Ca')",7
"('In', 'S')",4
"('In', 'Sc')",6
"('In', 'Bi')",3
"('In', 'Sb')",3
"('In', 'Pd')",8
"('In', 'F')",3
"('In', 'Au')",6
"('In', 'Ru')",3
"('In', 'Co')",3
"('In', 'Pb')",2
"('In', 'Si')",2
"('In', 'I')",5
"('In', 'As')",3
"('In', 'Be')",2
"('In', 'P')",4
"('In', 'Li')",7
"('In', 'Hg')",2
"('In', 'Cl')",5
"('In', 'Na')",5
"('In', 'Nb')",2
"('In', 'Sr')",6
"('In', 'Ge')",2
"('In', 'Mo')",2
"('In', 'Ba')",7
"('In', 'Ta')",2
"('In', 'Ir')",4
"('In', 'Al')",2
"('In', 'N')",3
"('In', 'W')",2
"('In', 'Te')",5
"('In', 'Cd')",2
"('In', 'Pt')",5
"('In', 'Tl')",2
"('In', 'Y')",6
"('In', 'Cs')",4
"('B', 'Re')",4
"('B', 'Se')",2
"('B', 'K')",3
"('B', 'Ni')",5
"('B', 'Cr')",6
"('B', 'Sn')",2
"('B', 'Rb')",2
"('B', 'Cu')",2
"('B', 'Ca')",4
"('B', 'S')",3
"('B', 'Sc')",4
"('B', 'Bi')",2
"('B', 'Sb')",2
"('B', 'Pd')",4
"('B', 'F')",3
"('B', 'Au')",2
"('B', 'Ru')",5
"('B', 'Co')",3
"('B', 'Pb')",2
"('B', 'Si')",3
"('B', 'I')",3
"('B', 'As')",3
"('B', 'Be')",3
"('B', 'P')",4
"('B', 'Li')",3
"('B', 'Hg')",2
"('B', 'Cl')",3
"('B', 'Na')",4
"('B', 'Nb')",6
"('B', 'Sr')",3
"('B', 'Ge')",2
"('B', 'Mo')",4
"('B', 'Ba')",3
"('B', 'Ta')",7
"('B', 'Ir')",3
"('B', 'Al')",3
"('B', 'N')",3
"('B', 'W')",5
"('B', 'Te')",2
"('B', 'Cd')",2
"('B', 'Pt')",3
"('B', 'Tl')",2
"('B', 'Y')",5
"('B', 'Cs')",2
"('Re', 'Se')",3
"('Re', 'K')",2
"('Re', 'Ni')",3
"('Re', 'Cr')",2
"('Re', 'Sn')",2
"('Re', 'Rb')",2
"('Re', 'Cu')",2
"('Re', 'Ca')",2
"('Re', 'S')",3
"('Re', 'Sc')",4
"('Re', 'Bi')",2
"('Re', 'Sb')",2
"('Re', 'Pd')",3
"('Re', 'F')",3
"('Re', 'Au')",2
"('Re', 'Ru')",5
"('Re', 'Co')",4
"('Re', 'Pb')",2
"('Re', 'Si')",3
"('Re', 'I')",3
"('Re', 'As')",3
"('Re', 'Be')",3
"('Re', 'P')",5
"('Re', 'Li')",2
"('Re', 'Hg')",2
"('Re', 'Cl')",4
"('Re', 'Na')",2
"('Re', 'Nb')",4
"('Re', 'Sr')",2
"('Re', 'Ge')",3
"('Re', 'Mo')",3
"('Re', 'Ba')",2
"('Re', 'Ta')",4
"('Re', 'Ir')",4
"('Re', 'Al')",5
"('Re', 'N')",3
"('Re', 'W')",2
"('Re', 'Te')",2
"('Re', 'Cd')",2
"('Re', 'Pt')",3
"('Re', 'Tl')",2
"('Re', 'Y')",3
"('Re', 'Cs')",2
"('Se', 'K')",6
"('Se', 'Ni')",6
"('Se', 'Cr')",6
"('Se', 'Sn')",4
"('Se', 'Rb')",6
"('Se', 'Cu')",5
"('Se', 'Ca')",3
"('Se', 'S')",2
"('Se', 'Sc')",3
"('Se', 'Bi')",3
"('Se', 'Sb')",3
"('Se', 'Pd')",6
"('Se', 'F')",3
"('Se', 'Au')",3
"('Se', 'Ru')",3
"('Se', 'Co')",4
"('Se', 'Pb')",3
"('Se', 'Si')",3
"('Se', 'I')",3
"('Se', 'As')",3
"('Se', 'Be')",3
"('Se', 'P')",3
"('Se', 'Li')",3
"('Se', 'Hg')",3
"('Se', 'Cl')",3
"('Se', 'Na')",5
"('Se', 'Nb')",7
"('Se', 'Sr')",3
"('Se', 'Ge')",4
"('Se', 'Mo')",3
"('Se', 'Ba')",4
"('Se', 'Ta')",5
"('Se', 'Ir')",4
"('Se', 'Al')",3
"('Se', 'N')",2
"('Se', 'W')",3
"('Se', 'Te')",2
"('Se', 'Cd')",3
"('Se', 'Pt')",4
"('Se', 'Tl')",4
"('Se', 'Y')",3
"('Se', 'Cs')",5
"('K', 'Ni')",2
"('K', 'Cr')",2
"('K', 'Sn')",4
"('K', 'Rb')",2
"('K', 'Cu')",2
"('K', 'Ca')",2
"('K', 'S')",6
"('K', 'Sc')",2
"('K', 'Bi')",5
"('K', 'Sb')",6
"('K', 'Pd')",2
"('K', 'F')",3
"('K', 'Au')",5
"('K', 'Ru')",2
"('K', 'Co')",2
"('K', 'Pb')",5
"('K', 'Si')",3
"('K', 'I')",3
"('K', 'As')",4
"('K', 'Be')",2
"('K', 'P')",5
"('K', 'Li')",2
"('K', 'Hg')",5
"('K', 'Cl')",3
"('K', 'Na')",3
"('K', 'Nb')",2
"('K', 'Sr')",2
"('K', 'Ge')",2
"('K', 'Mo')",2
"('K', 'Ba')",2
"('K', 'Ta')",2
"('K', 'Ir')",2
"('K', 'Al')",2
"('K', 'N')",3
"('K', 'W')",2
"('K', 'Te')",5
"('K', 'Cd')",4
"('K', 'Pt')",2
"('K', 'Tl')",4
"('K', 'Y')",2
"('K', 'Cs')",3
"('Ni', 'Cr')",3
"('Ni', 'Sn')",5
"('Ni', 'Rb')",2
"('Ni', 'Cu')",2
"('Ni', 'Ca')",4
"('Ni', 'S')",6
"('Ni', 'Sc')",6
"('Ni', 'Bi')",3
"('Ni', 'Sb')",6
"('Ni', 'Pd')",2
"('Ni', 'F')",4
"('Ni', 'Au')",2
"('Ni', 'Ru')",2
"('Ni', 'Co')",3
"('Ni', 'Pb')",2
"('Ni', 'Si')",7
"('Ni', 'I')",3
"('Ni', 'As')",5
"('Ni', 'Be')",4
"('Ni', 'P')",8
"('Ni', 'Li')",3
"('Ni', 'Hg')",2
"('Ni', 'Cl')",3
"('Ni', 'Na')",2
"('Ni', 'Nb')",4
"('Ni', 'Sr')",3
"('Ni', 'Ge')",6
"('Ni', 'Mo')",4
"('Ni', 'Ba')",3
"('Ni', 'Ta')",5
"('Ni', 'Ir')",2
"('Ni', 'Al')",7
"('Ni', 'N')",3
"('Ni', 'W')",3
"('Ni', 'Te')",4
"('Ni', 'Cd')",3
"('Ni', 'Pt')",5
"('Ni', 'Tl')",2
"('Ni', 'Y')",8
"('Ni', 'Cs')",2
"('Cr', 'Sn')",2
"('Cr', 'Rb')",2
"('Cr', 'Cu')",2
"('Cr', 'Ca')",2
"('Cr', 'S')",5
"('Cr', 'Sc')",2
"('Cr', 'Bi')",2
"('Cr', 'Sb')",2
"('Cr', 'Pd')",3
"('Cr', 'F')",5
"('Cr', 'Au')",2
"('Cr', 'Ru')",2
"('Cr', 'Co')",3
"('Cr', 'Pb')",2
"('Cr', 'Si')",4
"('Cr', 'I')",3
"('Cr', 'As')",3
"('Cr', 'Be')",4
"('Cr', 'P')",6
"('Cr', 'Li')",2
"('Cr', 'Hg')",2
"('Cr', 'Cl')",3
"('Cr', 'Na')",2
"('Cr', 'Nb')",3
"('Cr', 'Sr')",2
"('Cr', 'Ge')",3
"('Cr', 'Mo')",2
"('Cr', 'Ba')",2
"('Cr', 'Ta')",3
"('Cr', 'Ir')",4
"('Cr', 'Al')",4
"('Cr', 'N')",4
"('Cr', 'W')",2
"('Cr', 'Te')",3
"('Cr', 'Cd')",2
"('Cr', 'Pt')",3
"('Cr', 'Tl')",2
"('Cr', 'Y')",2
"('Cr', 'Cs')",2
"('Sn', 'Rb')",4
"('Sn', 'Cu')",3
"('Sn', 'Ca')",5
"('Sn', 'S')",4
"('Sn', 'Sc')",4
"('Sn', 'Bi')",3
"('Sn', 'Sb')",3
"('Sn', 'Pd')",7
"('Sn', 'F')",6
"('Sn', 'Au')",5
"('Sn', 'Ru')",3
"('Sn', 'Co')",4
"('Sn', 'Pb')",3
"('Sn', 'Si')",2
"('Sn', 'I')",4
"('Sn', 'As')",3
"('Sn', 'Be')",2
"('Sn', 'P')",4
"('Sn', 'Li')",7
"('Sn', 'Hg')",2
"('Sn', 'Cl')",4
"('Sn', 'Na')",7
"('Sn', 'Nb')",4
"('Sn', 'Sr')",7
"('Sn', 'Ge')",3
"('Sn', 'Mo')",3
"('Sn', 'Ba')",8
"('Sn', 'Ta')",4
"('Sn', 'Ir')",7
"('Sn', 'Al')",2
"('Sn', 'N')",2
"('Sn', 'W')",2
"('Sn', 'Te')",3
"('Sn', 'Cd')",3
"('Sn', 'Pt')",7
"('Sn', 'Tl')",3
"('Sn', 'Y')",4
"('Sn', 'Cs')",4
"('Rb', 'Cu')",2
"('Rb', 'Ca')",2
"('Rb', 'S')",6
"('Rb', 'Sc')",2
"('Rb', 'Bi')",5
"('Rb', 'Sb')",5
"('Rb', 'Pd')",2
"('Rb', 'F')",4
"('Rb', 'Au')",6
"('Rb', 'Ru')",2
"('Rb', 'Co')",2
"('Rb', 'Pb')",3
"('Rb', 'Si')",2
"('Rb', 'I')",4
"('Rb', 'As')",5
"('Rb', 'Be')",2
"('Rb', 'P')",3
"('Rb', 'Li')",2
"('Rb', 'Hg')",4
"('Rb', 'Cl')",3
"('Rb', 'Na')",3
"('Rb', 'Nb')",2
"('Rb', 'Sr')",2
"('Rb', 'Ge')",3
"('Rb', 'Mo')",2
"('Rb', 'Ba')",2
"('Rb', 'Ta')",2
"('Rb', 'Ir')",2
"('Rb', 'Al')",2
"('Rb', 'N')",3
"('Rb', 'W')",2
"('Rb', 'Te')",6
"('Rb', 'Cd')",3
"('Rb', 'Pt')",2
"('Rb', 'Tl')",3
"('Rb', 'Y')",2
"('Rb', 'Cs')",4
"('Cu', 'Ca')",5
"('Cu', 'S')",4
"('Cu', 'Sc')",4
"('Cu', 'Bi')",2
"('Cu', 'Sb')",2
"('Cu', 'Pd')",5
"('Cu', 'F')",3
"('Cu', 'Au')",4
"('Cu', 'Ru')",2
"('Cu', 'Co')",2
"('Cu', 'Pb')",2
"('Cu', 'Si')",3
"('Cu', 'I')",3
"('Cu', 'As')",2
"('Cu', 'Be')",3
"('Cu', 'P')",4
"('Cu', 'Li')",3
"('Cu', 'Hg')",2
"('Cu', 'Cl')",4
"('Cu', 'Na')",2
"('Cu', 'Nb')",2
"('Cu', 'Sr')",4
"('Cu', 'Ge')",3
"('Cu', 'Mo')",2
"('Cu', 'Ba')",4
"('Cu', 'Ta')",2
"('Cu', 'Ir')",2
"('Cu', 'Al')",5
"('Cu', 'N')",2
"('Cu', 'W')",2
"('Cu', 'Te')",3
"('Cu', 'Cd')",2
"('Cu', 'Pt')",6
"('Cu', 'Tl')",2
"('Cu', 'Y')",5
"('Cu', 'Cs')",2
"('Ca', 'S')",3
"('Ca', 'Sc')",2
"('Ca', 'Bi')",5
"('Ca', 'Sb')",6
"('Ca', 'Pd')",8
"('Ca', 'F')",3
"('Ca', 'Au')",10
"('Ca', 'Ru')",2
"('Ca', 'Co')",2
"('Ca', 'Pb')",5
"('Ca', 'Si')",6
"('Ca', 'I')",3
"('Ca', 'As')",6
"('Ca', 'Be')",3
"('Ca', 'P')",5
"('Ca', 'Li')",3
"('Ca', 'Hg')",7
"('Ca', 'Cl')",3
"('Ca', 'Na')",2
"('Ca', 'Nb')",2
"('Ca', 'Sr')",2
"('Ca', 'Ge')",6
"('Ca', 'Mo')",2
"('Ca', 'Ba')",2
"('Ca', 'Ta')",2
"('Ca', 'Ir')",4
"('Ca', 'Al')",4
"('Ca', 'N')",5
"('Ca', 'W')",2
"('Ca', 'Te')",3
"('Ca', 'Cd')",5
"('Ca', 'Pt')",6
"('Ca', 'Tl')",4
"('Ca', 'Y')",2
"('Ca', 'Cs')",2
"('S', 'Sc')",4
"('S', 'Bi')",3
"('S', 'Sb')",3
"('S', 'Pd')",6
"('S', 'F')",3
"('S', 'Au')",3
"('S', 'Ru')",3
"('S', 'Co')",5
"('S', 'Pb')",3
"('S', 'Si')",3
"('S', 'I')",2
"('S', 'As')",4
"('S', 'Be')",3
"('S', 'P')",7
"('S', 'Li')",3
"('S', 'Hg')",3
"('S', 'Cl')",4
"('S', 'Na')",6
"('S', 'Nb')",6
"('S', 'Sr')",4
"('S', 'Ge')",4
"('S', 'Mo')",3
"('S', 'Ba')",5
"('S', 'Ta')",5
"('S', 'Ir')",4
"('S', 'Al')",3
"('S', 'N')",2
"('S', 'W')",3
"('S', 'Te')",2
"('S', 'Cd')",3
"('S', 'Pt')",4
"('S', 'Tl')",4
"('S', 'Y')",5
"('S', 'Cs')",7
"('Sc', 'Bi')",4
"('Sc', 'Sb')",4
"('Sc', 'Pd')",4
"('Sc', 'F')",3
"('Sc', 'Au')",5
"('Sc', 'Ru')",4
"('Sc', 'Co')",5
"('Sc', 'Pb')",4
"('Sc', 'Si')",4
"('Sc', 'I')",4
"('Sc', 'As')",4
"('Sc', 'Be')",4
"('Sc', 'P')",4
"('Sc', 'Li')",2
"('Sc', 'Hg')",4
"('Sc', 'Cl')",5
"('Sc', 'Na')",2
"('Sc', 'Nb')",2
"('Sc', 'Sr')",2
"('Sc', 'Ge')",5
"('Sc', 'Mo')",2
"('Sc', 'Ba')",2
"('Sc', 'Ta')",2
"('Sc', 'Ir')",6
"('Sc', 'Al')",7
"('Sc', 'N')",3
"('Sc', 'W')",2
"('Sc', 'Te')",5
"('Sc', 'Cd')",5
"('Sc', 'Pt')",5
"('Sc', 'Tl')",4
"('Sc', 'Y')",2
"('Sc', 'Cs')",2
"('Bi', 'Sb')",2
"('Bi', 'Pd')",6
"('Bi', 'F')",4
"('Bi', 'Au')",3
"('Bi', 'Ru')",2
"('Bi', 'Co')",2
"('Bi', 'Pb')",2
"('Bi', 'Si')",2
"('Bi', 'I')",3
"('Bi', 'As')",2
"('Bi', 'Be')",2
"('Bi', 'P')",3
"('Bi', 'Li')",4
"('Bi', 'Hg')",2
"('Bi', 'Cl')",3
"('Bi', 'Na')",4
"('Bi', 'Nb')",2
"('Bi', 'Sr')",6
"('Bi', 'Ge')",2
"('Bi', 'Mo')",2
"('Bi', 'Ba')",5
"('Bi', 'Ta')",2
"('Bi', 'Ir')",3
"('Bi', 'Al')",2
"('Bi', 'N')",2
"('Bi', 'W')",2
"('Bi', 'Te')",3
"('Bi', 'Cd')",2
"('Bi', 'Pt')",3
"('Bi', 'Tl')",3
"('Bi', 'Y')",4
"('Bi', 'Cs')",6
"('Sb', 'Pd')",6
"('Sb', 'F')",4
"('Sb', 'Au')",3
"('Sb', 'Ru')",3
"('Sb', 'Co')",4
"('Sb', 'Pb')",2
"('Sb', 'Si')",2
"('Sb', 'I')",3
"('Sb', 'As')",2
"('Sb', 'Be')",2
"('Sb', 'P')",2
"('Sb', 'Li')",4
"('Sb', 'Hg')",2
"('Sb', 'Cl')",4
"('Sb', 'Na')",4
"('Sb', 'Nb')",5
"('Sb', 'Sr')",4
"('Sb', 'Ge')",2
"('Sb', 'Mo')",3
"('Sb', 'Ba')",6
"('Sb', 'Ta')",5
"('Sb', 'Ir')",4
"('Sb', 'Al')",3
"('Sb', 'N')",2
"('Sb', 'W')",2
"('Sb', 'Te')",3
"('Sb', 'Cd')",3
"('Sb', 'Pt')",5
"('Sb', 'Tl')",3
"('Sb', 'Y')",4
"('Sb', 'Cs')",5
"('Pd', 'F')",4
"('Pd', 'Au')",5
"('Pd', 'Ru')",2
"('Pd', 'Co')",2
"('Pd', 'Pb')",4
"('Pd', 'Si')",5
"('Pd', 'I')",3
"('Pd', 'As')",6
"('Pd', 'Be')",6
"('Pd', 'P')",5
"('Pd', 'Li')",6
"('Pd', 'Hg')",4
"('Pd', 'Cl')",3
"('Pd', 'Na')",4
"('Pd', 'Nb')",4
"('Pd', 'Sr')",5
"('Pd', 'Ge')",5
"('Pd', 'Mo')",3
"('Pd', 'Ba')",5
"('Pd', 'Ta')",4
"('Pd', 'Ir')",2
"('Pd', 'Al')",7
"('Pd', 'N')",2
"('Pd', 'W')",3
"('Pd', 'Te')",7
"('Pd', 'Cd')",4
"('Pd', 'Pt')",5
"('Pd', 'Tl')",5
"('Pd', 'Y')",4
"('Pd', 'Cs')",2
"('F', 'Au')",3
"('F', 'Ru')",4
"('F', 'Co')",4
"('F', 'Pb')",5
"('F', 'Si')",3
"('F', 'I')",4
"('F', 'As')",4
"('F', 'Be')",3
"('F', 'P')",3
"('F', 'Li')",3
"('F', 'Hg')",4
"('F', 'Cl')",4
"('F', 'Na')",3
"('F', 'Nb')",4
"('F', 'Sr')",3
"('F', 'Ge')",4
"('F', 'Mo')",4
"('F', 'Ba')",3
"('F', 'Ta')",3
"('F', 'Ir')",5
"('F', 'Al')",3
"('F', 'N')",2
"('F', 'W')",3
"('F', 'Te')",4
"('F', 'Cd')",3
"('F', 'Pt')",4
"('F', 'Tl')",4
"('F', 'Y')",3
"('F', 'Cs')",4
"('Au', 'Ru')",2
"('Au', 'Co')",2
"('Au', 'Pb')",4
"('Au', 'Si')",2
"('Au', 'I')",3
"('Au', 'As')",2
"('Au', 'Be')",5
"('Au', 'P')",2
"('Au', 'Li')",6
"('Au', 'Hg')",2
"('Au', 'Cl')",4
"('Au', 'Na')",4
"('Au', 'Nb')",4
"('Au', 'Sr')",7
"('Au', 'Ge')",2
"('Au', 'Mo')",2
"('Au', 'Ba')",6
"('Au', 'Ta')",3
"('Au', 'Ir')",2
"('Au', 'Al')",6
"('Au', 'N')",2
"('Au', 'W')",2
"('Au', 'Te')",3
"('Au', 'Cd')",6
"('Au', 'Pt')",2
"('Au', 'Tl')",3
"('Au', 'Y')",6
"('Au', 'Cs')",3
"('Ru', 'Co')",2
"('Ru', 'Pb')",2
"('Ru', 'Si')",5
"('Ru', 'I')",2
"('Ru', 'As')",3
"('Ru', 'Be')",3
"('Ru', 'P')",7
"('Ru', 'Li')",2
"('Ru', 'Hg')",2
"('Ru', 'Cl')",3
"('Ru', 'Na')",2
"('Ru', 'Nb')",5
"('Ru', 'Sr')",2
"('Ru', 'Ge')",3
"('Ru', 'Mo')",3
"('Ru', 'Ba')",2
"('Ru', 'Ta')",5
"('Ru', 'Ir')",4
"('Ru', 'Al')",5
"('Ru', 'N')",2
"('Ru', 'W')",3
"('Ru', 'Te')",3
"('Ru', 'Cd')",2
"('Ru', 'Pt')",2
"('Ru', 'Tl')",2
"('Ru', 'Y')",4
"('Ru', 'Cs')",2
"('Co', 'Pb')",2
"('Co', 'Si')",5
"('Co', 'I')",3
"('Co', 'As')",5
"('Co', 'Be')",4
"('Co', 'P')",6
"('Co', 'Li')",2
"('Co', 'Hg')",2
"('Co', 'Cl')",4
"('Co', 'Na')",2
"('Co', 'Nb')",4
"('Co', 'Sr')",2
"('Co', 'Ge')",4
"('Co', 'Mo')",3
"('Co', 'Ba')",2
"('Co', 'Ta')",5
"('Co', 'Ir')",2
"('Co', 'Al')",5
"('Co', 'N')",3
"('Co', 'W')",3
"('Co', 'Te')",3
"('Co', 'Cd')",2
"('Co', 'Pt')",5
"('Co', 'Tl')",2
"('Co', 'Y')",7
"('Co', 'Cs')",2
"('Pb', 'Si')",2
"('Pb', 'I')",3
"('Pb', 'As')",2
"('Pb', 'Be')",2
"('Pb', 'P')",2
"('Pb', 'Li')",7
"('Pb', 'Hg')",2
"('Pb', 'Cl')",4
"('Pb', 'Na')",5
"('Pb', 'Nb')",2
"('Pb', 'Sr')",5
"('Pb', 'Ge')",2
"('Pb', 'Mo')",2
"('Pb', 'Ba')",6
"('Pb', 'Ta')",2
"('Pb', 'Ir')",2
"('Pb', 'Al')",2
"('Pb', 'N')",2
"('Pb', 'W')",2
"('Pb', 'Te')",3
"('Pb', 'Cd')",2
"('Pb', 'Pt')",5
"('Pb', 'Tl')",2
"('Pb', 'Y')",5
"('Pb', 'Cs')",3
"('Si', 'I')",4
"('Si', 'As')",4
"('Si', 'Be')",2
"('Si', 'P')",4
"('Si', 'Li')",7
"('Si', 'Hg')",2
"('Si', 'Cl')",3
"('Si', 'Na')",4
"('Si', 'Nb')",4
"('Si', 'Sr')",6
"('Si', 'Ge')",2
"('Si', 'Mo')",5
"('Si', 'Ba')",6
"('Si', 'Ta')",6
"('Si', 'Ir')",5
"('Si', 'Al')",2
"('Si', 'N')",3
"('Si', 'W')",3
"('Si', 'Te')",2
"('Si', 'Cd')",2
"('Si', 'Pt')",5
"('Si', 'Tl')",2
"('Si', 'Y')",4
"('Si', 'Cs')",3
"('I', 'As')",3
"('I', 'Be')",3
"('I', 'P')",4
"('I', 'Li')",3
"('I', 'Hg')",4
"('I', 'Cl')",4
"('I', 'Na')",3
"('I', 'Nb')",5
"('I', 'Sr')",3
"('I', 'Ge')",4
"('I', 'Mo')",3
"('I', 'Ba')",3
"('I', 'Ta')",4
"('I', 'Ir')",2
"('I', 'Al')",3
"('I', 'N')",2
"('I', 'W')",2
"('I', 'Te')",5
"('I', 'Cd')",3
"('I', 'Pt')",5
"('I', 'Tl')",4
"('I', 'Y')",3
"('I', 'Cs')",5
"('As', 'Be')",2
"('As', 'P')",2
"('As', 'Li')",4
"('As', 'Hg')",2
"('As', 'Cl')",4
"('As', 'Na')",4
"('As', 'Nb')",6
"('As', 'Sr')",6
"('As', 'Ge')",4
"('As', 'Mo')",5
"('As', 'Ba')",6
"('As', 'Ta')",6
"('As', 'Ir')",4
"('As', 'Al')",3
"('As', 'N')",2
"('As', 'W')",3
"('As', 'Te')",3
"('As', 'Cd')",4
"('As', 'Pt')",3
"('As', 'Tl')",2
"('As', 'Y')",3
"('As', 'Cs')",5
"('Be', 'P')",4
"('Be', 'Li')",2
"('Be', 'Hg')",2
"('Be', 'Cl')",3
"('Be', 'Na')",2
"('Be', 'Nb')",6
"('Be', 'Sr')",3
"('Be', 'Ge')",2
"('Be', 'Mo')",4
"('Be', 'Ba')",2
"('Be', 'Ta')",7
"('Be', 'Ir')",4
"('Be', 'Al')",2
"('Be', 'N')",3
"('Be', 'W')",4
"('Be', 'Te')",3
"('Be', 'Cd')",2
"('Be', 'Pt')",4
"('Be', 'Tl')",2
"('Be', 'Y')",3
"('Be', 'Cs')",2
"('P', 'Li')",6
"('P', 'Hg')",2
"('P', 'Cl')",4
"('P', 'Na')",5
"('P', 'Nb')",5
"('P', 'Sr')",6
"('P', 'Ge')",3
"('P', 'Mo')",6
"('P', 'Ba')",8
"('P', 'Ta')",5
"('P', 'Ir')",5
"('P', 'Al')",3
"('P', 'N')",3
"('P', 'W')",4
"('P', 'Te')",2
"('P', 'Cd')",4
"('P', 'Pt')",4
"('P', 'Tl')",3
"('P', 'Y')",4
"('P', 'Cs')",4
"('Li', 'Hg')",4
"('Li', 'Cl')",3
"('Li', 'Na')",3
"('Li', 'Nb')",2
"('Li', 'Sr')",4
"('Li', 'Ge')",6
"('Li', 'Mo')",2
"('Li', 'Ba')",2
"('Li', 'Ta')",2
"('Li', 'Ir')",4
"('Li', 'Al')",6
"('Li', 'N')",4
"('Li', 'W')",2
"('Li', 'Te')",3
"('Li', 'Cd')",5
"('Li', 'Pt')",7
"('Li', 'Tl')",5
"('Li', 'Y')",2
"('Li', 'Cs')",2
"('Hg', 'Cl')",4
"('Hg', 'Na')",7
"('Hg', 'Nb')",2
"('Hg', 'Sr')",6
"('Hg', 'Ge')",2
"('Hg', 'Mo')",2
"('Hg', 'Ba')",6
"('Hg', 'Ta')",2
"('Hg', 'Ir')",2
"('Hg', 'Al')",2
"('Hg', 'N')",2
"('Hg', 'W')",2
"('Hg', 'Te')",3
"('Hg', 'Cd')",2
"('Hg', 'Pt')",3
"('Hg', 'Tl')",2
"('Hg', 'Y')",4
"('Hg', 'Cs')",5
"('Cl', 'Na')",3
"('Cl', 'Nb')",6
"('Cl', 'Sr')",3
"('Cl', 'Ge')",3
"('Cl', 'Mo')",4
"('Cl', 'Ba')",3
"('Cl', 'Ta')",4
"('Cl', 'Ir')",4
"('Cl', 'Al')",3
"('Cl', 'N')",2
"('Cl', 'W')",4
"('Cl', 'Te')",3
"('Cl', 'Cd')",3
"('Cl', 'Pt')",4
"('Cl', 'Tl')",4
"('Cl', 'Y')",4
"('Cl', 'Cs')",3
"('Na', 'Nb')",2
"('Na', 'Sr')",4
"('Na', 'Ge')",3
"('Na', 'Mo')",2
"('Na', 'Ba')",4
"('Na', 'Ta')",2
"('Na', 'Ir')",2
"('Na', 'Al')",2
"('Na', 'N')",3
"('Na', 'W')",2
"('Na', 'Te')",4
"('Na', 'Cd')",5
"('Na', 'Pt')",3
"('Na', 'Tl')",6
"('Na', 'Y')",2
"('Na', 'Cs')",3
"('Nb', 'Sr')",2
"('Nb', 'Ge')",4
"('Nb', 'Mo')",4
"('Nb', 'Ba')",2
"('Nb', 'Ta')",2
"('Nb', 'Ir')",5
"('Nb', 'Al')",4
"('Nb', 'N')",5
"('Nb', 'W')",3
"('Nb', 'Te')",6
"('Nb', 'Cd')",2
"('Nb', 'Pt')",6
"('Nb', 'Tl')",2
"('Nb', 'Y')",2
"('Nb', 'Cs')",2
"('Sr', 'Ge')",5
"('Sr', 'Mo')",2
"('Sr', 'Ba')",2
"('Sr', 'Ta')",2
"('Sr', 'Ir')",3
"('Sr', 'Al')",6
"('Sr', 'N')",6
"('Sr', 'W')",2
"('Sr', 'Te')",3
"('Sr', 'Cd')",6
"('Sr', 'Pt')",5
"('Sr', 'Tl')",5
"('Sr', 'Y')",2
"('Sr', 'Cs')",2
"('Ge', 'Mo')",4
"('Ge', 'Ba')",7
"('Ge', 'Ta')",5
"('Ge', 'Ir')",5
"('Ge', 'Al')",2
"('Ge', 'N')",3
"('Ge', 'W')",2
"('Ge', 'Te')",3
"('Ge', 'Cd')",2
"('Ge', 'Pt')",6
"('Ge', 'Tl')",2
"('Ge', 'Y')",7
"('Ge', 'Cs')",3
"('Mo', 'Ba')",2
"('Mo', 'Ta')",4
"('Mo', 'Ir')",4
"('Mo', 'Al')",7
"('Mo', 'N')",3
"('Mo', 'W')",3
"('Mo', 'Te')",4
"('Mo', 'Cd')",2
"('Mo', 'Pt')",3
"('Mo', 'Tl')",2
"('Mo', 'Y')",2
"('Mo', 'Cs')",2
"('Ba', 'Ta')",2
"('Ba', 'Ir')",2
"('Ba', 'Al')",5
"('Ba', 'N')",6
"('Ba', 'W')",2
"('Ba', 'Te')",3
"('Ba', 'Cd')",6
"('Ba', 'Pt')",5
"('Ba', 'Tl')",5
"('Ba', 'Y')",2
"('Ba', 'Cs')",2
"('Ta', 'Ir')",5
"('Ta', 'Al')",4
"('Ta', 'N')",6
"('Ta', 'W')",4
"('Ta', 'Te')",5
"('Ta', 'Cd')",2
"('Ta', 'Pt')",5
"('Ta', 'Tl')",2
"('Ta', 'Y')",2
"('Ta', 'Cs')",2
"('Ir', 'Al')",5
"('Ir', 'N')",2
"('Ir', 'W')",4
"('Ir', 'Te')",3
"('Ir', 'Cd')",2
"('Ir', 'Pt')",2
"('Ir', 'Tl')",2
"('Ir', 'Y')",5
"('Ir', 'Cs')",2
"('Al', 'N')",3
"('Al', 'W')",4
"('Al', 'Te')",4
"('Al', 'Cd')",2
"('Al', 'Pt')",8
"('Al', 'Tl')",2
"('Al', 'Y')",5
"('Al', 'Cs')",2
"('N', 'W')",4
"('N', 'Te')",2
"('N', 'Cd')",2
"('N', 'Pt')",2
"('N', 'Tl')",2
"('N', 'Y')",3
"('N', 'Cs')",3
"('W', 'Te')",3
"('W', 'Cd')",2
"('W', 'Pt')",4
"('W', 'Tl')",2
"('W', 'Y')",2
"('W', 'Cs')",2
"('Te', 'Cd')",3
"('Te', 'Pt')",6
"('Te', 'Tl')",6
"('Te', 'Y')",4
"('Te', 'Cs')",7
"('Cd', 'Pt')",5
"('Cd', 'Tl')",2
"('Cd', 'Y')",5
"('Cd', 'Cs')",3
"('Pt', 'Tl')",4
"('Pt', 'Y')",7
"('Pt', 'Cs')",2
"('Tl', 'Y')",5
"('Tl', 'Cs')",3
"('Y', 'Cs')",2
